name,email
Helen,Helen.Hall@btinternet.com,
Peter,Peter.Thomas@bellsouth.net,
Walter,Walter.Thomson@shaw.ca,
Carol,Carol.Ward@yahoo.co.uk,
Dorothy,Dorothy.Benton@rediffmail.com,
Gary,Gary.Sanchez@yahoo.com,
Sharon,Sharon.Simmons@hotmail.co.uk,
Walter,Walter.Simmons@shaw.ca,
Michelle,Michelle.West@rediffmail.com,
Robert,Robert.Parker@hotmail.co.uk,
Cynthia,Cynthia.Kelly@comcast.com,
Cynthia,Cynthia.Martin@verizon.net,
Frank,Frank.Williams@earthlink.net,
John,John.Williams@verizon.net,
Betty,Betty.Thomson@yahoo.co.in,
Karen,Karen.Ramos@rediffmail.com,
Donna,Donna.Robinson@earthlink.net,
Christine,Christine.Perez@sbcglobal.net,
Mary,Mary.Lopez@sbcglobal.net,
Ashley,Ashley.Brown@rediffmail.com,
Christine,Christine.Kim@sbcglobal.net,
Laura,Laura.Cooper@hotmail.co.uk,
Walter,Walter.Cook@cox.net,
Edward,Edward.Martin@yahoo.co.uk,
Benjamin,Benjamin.Johnson@hotmail.com,
Laura,Laura.Sanchez@comcast.com,
Donna,Donna.Miller@comcast.com,
Karen,Karen.Michell@sbcglobal.net,
Nicole,Nicole.Parker@yahoo.co.in,
Karen,Karen.Bell@hotmail.co.uk,
Karen,Karen.Miller@ntlworld.com,
Joshua,Joshua.Bell@yahoo.co.in,
James,James.Hall@yahoo.co.uk,
Walter,Walter.Edwards@verizon.net,
John,John.Edwards@yahoo.ca,
Rian,Rian.Webb@hotmail.co.uk,
Christine,Christine.Young@shaw.ca,
Sandra,Sandra.Jones@btinternet.com,
Jose,Jose.Benton@charter.net,
Robert,Robert.Lee@shaw.ca,
Michael,Michael.Brown@rediffmail.com,
Paul,Paul.Johnson@rediffmail.com,
Andrew,Andrew.Williams@yahoo.co.uk,
Jose,Jose.Sanchez@yahoo.co.in,
David,David.Kim@cox.net,
Rian,Rian.Martin@charter.net,
Ashley,Ashley.Jackson@yahoo.co.in,
Edward,Edward.Williams@aol.com,
Laura,Laura.Wright@aol.com,
Carol,Carol.Sanchez@bellsouth.net,
David,David.Thomson@shaw.ca,
Justin,Justin.Hall@rediffmail.com,
Helen,Helen.Harris@hotmail.com,
Robert,Robert.Brown@rediffmail.com,
Linda,Linda.carter@cox.net,
Charles,Charles.Johnson@shaw.ca,
Dorothy,Dorothy.Kim@bellsouth.net,
Michelle,Michelle.Webb@rediffmail.com,
Betty,Betty.Gomez@verizon.net,
Joshua,Joshua.Simmons@verizon.net,
Lina,Lina.Taylor@charter.net,
Frank,Frank.Parker@sbcglobal.net,
Thomas,Thomas.carter@sbcglobal.net,
Laura,Laura.Lopez@gmail.com,
Carol,Carol.Harris@cox.net,
John,John.Wilson@earthlink.net,
Sandra,Sandra.Parker@yahoo.com,
Jason,Jason.Harris@yahoo.co.in,
Jason,Jason.Ramos@aol.com,
Michael,Michael.Brown@yahoo.com,
Andrew,Andrew.Parker@charter.net,
Rian,Rian.Benton@yahoo.ca,
Carol,Carol.Parker@earthlink.net,
Sharon,Sharon.Webb@charter.net,
Dorothy,Dorothy.Perez@hotmail.co.uk,
Susan,Susan.Edwards@yahoo.ca,
Scott,Scott.Wright@charter.net,
Joshua,Joshua.Harris@bellsouth.net,
Thomas,Thomas.Harris@btinternet.com,
Emily,Emily.Thomson@yahoo.com,
John,John.Martin@gmail.com,
Thomas,Thomas.Taylor@yahoo.co.in,
Peter,Peter.Reed@hotmail.co.uk,
Charles,Charles.Simmons@ntlworld.com,
Nancy,Nancy.Garcia@earthlink.net,
Rian,Rian.Brown@aol.com,
David,David.Jackson@shaw.ca,
Jason,Jason.Wright@bellsouth.net,
Robert,Robert.Hall@hotmail.co.uk,
Cynthia,Cynthia.Wallace@charter.net,
Christine,Christine.Webb@btinternet.com,
Paul,Paul.White@bellsouth.net,
Brian,Brian.Sanchez@yahoo.com,
Edward,Edward.Simmons@verizon.net,
Brian,Brian.Harris@yahoo.co.in,
Brian,Brian.Kelly@cox.net,
Donna,Donna.Edwards@bellsouth.net,
Joshua,Joshua.Jones@gmail.com,
James,James.Taylor@msn.com,
Robert,Robert.Smith@ntlworld.com,
Ashley,Ashley.Thomas@hotmail.com,
Cynthia,Cynthia.Garcia@shaw.ca,
Michael,Michael.Harris@bellsouth.net,
Rebecca,Rebecca.White@msn.com,
Larry,Larry.Baily@yahoo.com,
Robert,Robert.Perez@charter.net,
Thomas,Thomas.Shaw@comcast.com,
Rebecca,Rebecca.Johnson@gmail.com,
Brian,Brian.Wilson@shaw.ca,
Gary,Gary.Harris@cox.net,
Betty,Betty.Young@comcast.com,
Michelle,Michelle.Lewis@ntlworld.com,
Lisa,Lisa.Sanchez@shaw.ca,
Justin,Justin.Wallace@cox.net,
Jack,Jack.Simmons@ntlworld.com,
Linda,Linda.Shaw@ntlworld.com,
Robert,Robert.Benton@yahoo.com,
Lisa,Lisa.Baily@msn.com,
Scott,Scott.Thomson@rediffmail.com,
Nicole,Nicole.Shaw@hotmail.com,
Robert,Robert.Wilson@yahoo.ca,
Donna,Donna.Taylor@rediffmail.com,
Carol,Carol.Young@shaw.ca,
Rebecca,Rebecca.Benton@earthlink.net,
Susan,Susan.Young@yahoo.com,
Gary,Gary.Webb@comcast.com,
Frank,Frank.Kim@yahoo.ca,
Jack,Jack.Davis@bellsouth.net,
Nicole,Nicole.carter@cox.net,
John,John.Edwards@msn.com,
Scott,Scott.Lee@yahoo.co.uk,
Sandra,Sandra.Parker@yahoo.co.in,
Ashley,Ashley.Young@verizon.net,
Sandra,Sandra.Gomez@earthlink.net,
Benjamin,Benjamin.Bell@hotmail.co.uk,
Nicole,Nicole.Cooper@aol.com,
Gary,Gary.Ramos@rediffmail.com,
Scott,Scott.carter@earthlink.net,
Robert,Robert.Ramos@hotmail.com,
Lina,Lina.Taylor@yahoo.co.uk,
Charles,Charles.Sanchez@yahoo.co.uk,
Karen,Karen.Gomez@verizon.net,
Jose,Jose.Young@yahoo.co.in,
Jack,Jack.Parker@verizon.net,
Scott,Scott.Baily@charter.net,
Lina,Lina.Kelly@bellsouth.net,
Brian,Brian.White@cox.net,
Carol,Carol.Wright@hotmail.com,
Charles,Charles.Martin@shaw.ca,
Rian,Rian.Thomas@gmail.com,
Brian,Brian.Smith@cox.net,
Mary,Mary.Kim@verizon.net,
Carol,Carol.Cooper@ntlworld.com,
Sharon,Sharon.Jones@earthlink.net,
Laura,Laura.Garcia@sbcglobal.net,
Nicole,Nicole.Harris@comcast.com,
Thomas,Thomas.Allen@verizon.net,
James,James.Benton@comcast.com,
Cynthia,Cynthia.Williams@comcast.com,
Joshua,Joshua.Gomez@verizon.net,
David,David.Ford@yahoo.com,
Larry,Larry.Sanchez@yahoo.co.in,
Benjamin,Benjamin.Lopez@rediffmail.com,
Ashley,Ashley.Kelly@sbcglobal.net,
Paul,Paul.Kelly@yahoo.co.in,
Jack,Jack.Lee@cox.net,
Jason,Jason.Lee@yahoo.ca,
Mary,Mary.Ward@btinternet.com,
Jose,Jose.Parker@yahoo.co.in,
Gary,Gary.Lopez@yahoo.ca,
Sharon,Sharon.Hall@yahoo.com,
Sharon,Sharon.Michell@shaw.ca,
Lisa,Lisa.Lopez@shaw.ca,
Helen,Helen.Michell@aol.com,
Nicole,Nicole.Wilson@gmail.com,
Scott,Scott.Thomas@hotmail.com,
Gary,Gary.Kim@hotmail.co.uk,
Charles,Charles.Gomez@verizon.net,
Sandra,Sandra.Parker@charter.net,
Sandra,Sandra.Reed@yahoo.com,
Cynthia,Cynthia.Perez@cox.net,
Jose,Jose.Parker@earthlink.net,
Michelle,Michelle.Miller@yahoo.co.uk,
Michelle,Michelle.Wilson@ntlworld.com,
Robert,Robert.Robinson@gmail.com,
Ryan,Ryan.White@hotmail.com,
Justin,Justin.Kim@bellsouth.net,
Susan,Susan.Lewis@btinternet.com,
Mary,Mary.Bell@hotmail.com,
Christine,Christine.Taylor@sbcglobal.net,
Emily,Emily.Michell@cox.net,
Susan,Susan.Sanchez@sbcglobal.net,
Thomas,Thomas.Kelly@earthlink.net,
Nicole,Nicole.carter@btinternet.com,
Susan,Susan.Hall@earthlink.net,
Carol,Carol.Cooper@yahoo.co.in,
Charles,Charles.Webb@ntlworld.com,
Lina,Lina.Thomson@rediffmail.com,
Mary,Mary.Smith@yahoo.co.in,
Dorothy,Dorothy.Perez@gmail.com,
